{"k": [2, 3, 4, 5, 6, 7], "inertia": [7662.5368141488425, 4201.796889983432, 2888.2612301271038, 2301.2013267092993, 1888.35023080348, 1635.4520313788098], "silhouette": [0.6603, 0.5403, 0.5337, 0.4699, 0.4467, 0.4254]}